STATION_ID,STATION_NAME,LONGITUDE,LATITUDE,STATION_TYPE,PGA_VALUE,PGA_LN_SIGMA
SAPP,SAN ALEJANDRO.  PUEBLA,-98.215377,19.057785,seismic,0.205972,0.0
RFPP,RIO SAN FRANCISCO.  PUEBLA,-98.191493,19.043493,seismic,0.183952,0.0
HMTT,HUAMUXTITLAN,-98.559717,17.798341,seismic,0.170474,0.0
THEZ,TEHUACAN ESCUELA PRIMARIA EMILIANO ZAPATA,-97.383184,18.477554,seismic,0.166501,0.0
RABO,RABOSO,-98.445409,18.569078,seismic,0.154691,0.0
PHPU,PARQUE HABANA,-98.168466,19.044223,seismic,0.14171,0.0
SXPU,SISMEX PUEBLA,-98.215087,19.039943,seismic,0.139178,0.0
PZPU,CERRO LA PAZ,-98.227092,19.055379,seismic,0.119972,0.0
SJLL,SAN JUAN DE LOS LLANOS,-98.498463,16.657822,seismic,0.105815,0.0
PBP2,PASEO NICOLAS BRAVO PUEBLA. S-2,-98.208468,19.045439,seismic,0.098676,0.0
OXCU,OAXACA CIUDAD UNIVERSITARIA,-96.713269,17.048881,seismic,0.097498,0.0
SCT2,SCT B-2.,-99.148678,19.394694,seismic,0.091678,0.0
CCCL,CENTRO CULTURAL UNIVERSITARIO TLATELOLCO CAMPO LIBRE,-99.137919,19.449858,seismic,0.085528,0.0
TEJU,TEJUPILCO,-100.159615,18.904051,seismic,0.083284,0.0
OXXO,XOXOCOTLAN,-96.726179,17.026234,seismic,0.079524,0.0
CHFL,CHILA DE LAS FLORES,-97.865638,17.969493,seismic,0.07688,0.0
OAXM,OAXACA FACULTAD DE MEDICINA,-96.718744,17.082872,seismic,0.070369,0.0
TNLP,TONALAPA DEL SUR,-99.560805,18.095563,seismic,0.065972,0.0
OXTO,INSTITUTO TECNOLOGICO DE OAXACA,-96.744158,17.078389,seismic,0.065089,0.0
OXAE,OAXACA AEROPUERTO,-96.721608,17.001551,seismic,0.063626,0.0
TACY,TACUBAYA ENTRE GRAL. MANUEL M. P,-99.195246,19.404505,seismic,0.062379,0.0
OXPM,ESCUELA PRIMARIA MUGICA,-96.716899,17.061391,seismic,0.062118,0.0
ACAD,ACAPULCO ESCUELA DIANA,-99.87147,16.86225,seismic,0.06082,0.0
CUP5,IDEI PATIO 5,-99.181076,19.33024,seismic,0.058838,0.0
ACAC,ACAPULCO CENTRO CULTURAL,-99.85157,16.84851,seismic,0.058739,0.0
OXPC,OAXACA PROTECCION CIVIL,-96.722974,17.051219,seismic,0.056897,0.0
COMD,LA COMUNIDAD,-100.523804,18.122359,seismic,0.054517,0.0
OXAL,ALAMEDA DE LEON,-96.726042,17.06148,seismic,0.05133,0.0
ACAZ,ACAPULCO LA ZANJA,-99.790152,16.788528,seismic,0.04484,0.0
LMPP,LOMAS DEL MARMOL.  Puebla,-98.18227,19.00147,seismic,0.039778,0.0
VIGA,LAS VIGAS,-99.233268,16.758703,seismic,0.036641,0.0
POZU,POZUELOS,-99.59754,17.09008,seismic,0.036285,0.0
ACAR,ACAPULCO RENACIMIENTO,-99.835027,16.888789,seismic,0.035697,0.0
ACP2,ACAPULCO PREPARATORIA No. 2,-99.886505,16.874294,seismic,0.035366,0.0
OXLC,LAS CANTERAS,-96.703157,17.065039,seismic,0.022515,0.0
OCLL,OCOTILLO,-99.878515,17.036585,seismic,0.021312,0.0
AGCA,AGUACALIENTE,-99.64526,16.83733,seismic,0.020681,0.0
ATYC,ATOYAC,-100.432269,17.213361,seismic,0.018676,0.0
COYC,COYUCA,-100.089963,16.997788,seismic,0.018358,0.0
SNJE,SAN JERONIMO,-101.323693,18.535047,seismic,0.018144,0.0
OXBJ,ESCUELA PRIMARIA BENITO JUAREZ,-96.723804,17.067337,seismic,0.018105,0.0
JAMI,JAMILTEPEC,-97.820692,16.284353,seismic,0.017442,0.0
SODO,SOLEDAD DE DOBLADO,-96.414773,19.044324,seismic,0.016832,0.0
NITA,NUEVA ITALIA,-102.085089,19.020738,seismic,0.01375,0.0
SMLC,SAN MARTIN LOS CANSECO,-96.729233,16.654971,seismic,0.01289,0.0
VNTA,LA VENTA,-99.81885,16.91426,seismic,0.012847,0.0
SLU2,SAN LUIS DE LA LOMA 2,-100.935496,17.280802,seismic,0.01199,0.0
OZST,ORIZABA ESCUELA SECUNDARIA TECNICA NUM. 84,-97.094119,18.860758,seismic,0.011419,0.0
COPL,COPALA,-98.98399,16.61081,seismic,0.010718,0.0
PET2,PETATLAN II,-101.262608,17.535396,seismic,0.010051,0.0
OXJM,JALAPA DEL MARQUES,-95.444705,16.445191,seismic,0.010005,0.0
CANA,LAS CANAS,-101.977162,18.567007,seismic,0.009235,0.0
NUX2,NUXCO 2,-100.79117,17.216711,seismic,0.009051,0.0
XALA,XALAPA,-96.901973,19.529875,seismic,0.008323,0.0
HUAM,HUAMELULA,-95.670297,16.031121,seismic,0.007622,0.0
TAMA,TAMAZULAPAN,-96.57529,16.26116,seismic,0.007525,0.0
SUCH,EL SUCHIL,-100.638345,17.226169,seismic,0.006646,0.0
UNIO,LA UNION,-101.810623,17.98762,seismic,0.0061,0.0
URUA,URUAPAN,-102.074059,19.421758,seismic,0.006059,0.0
NILT,NILTEPEC,-94.616947,16.565153,seismic,0.005981,0.0
LANE,LAS NEGRAS,-97.187204,15.947684,seismic,0.005829,0.0
MIHL,MINATITLAN ESCUELA HIJAS DE LERDO,-94.54387,17.988778,seismic,0.005207,0.0
PANG,PUERTO ANGEL,-96.490506,15.666837,seismic,0.004687,0.0
SLPA,SAN LUCAS PATHE,-99.833027,19.928698,seismic,0.004488,0.0
ACAM,ACAMBARO,-100.716777,20.043186,seismic,0.004479,0.0
SCRU,SALINA CRUZ,-95.209239,16.187519,seismic,0.004176,0.0
SJAL,SAN JUAN DE ALIMA,-103.670344,18.585371,seismic,0.003514,0.0
COMA,COMALA,-103.760813,19.325266,seismic,0.002234,0.0
CHPA,PREPARATORIA ARRIAGA,-93.912575,16.247374,seismic,0.002138,0.0
CDGU,CIUDAD GUZMAN,-103.447815,19.699521,seismic,0.002115,0.0
COLL,COLIMILLA,-104.680633,19.190906,seismic,0.00139,0.0
TAJN,TAPACHULA JARDIN DE NINOS JM VILLALPANDO,-92.270957,14.922677,seismic,0.001233,0.0
TGBT,TUXTLA GUTIERREZ CBTIS 144,-93.089492,16.776805,seismic,0.000932,0.0
CH84,Culhuacán,-99.1254,19.33,seismic,0.225599,0.0
JC54,Parque Jardines de Coyoacán,-99.1272,19.313,seismic,0.220267,0.0
MI15,Miramontes,-99.1253,19.2834,seismic,0.207193,0.0
TH35,Tláhuac,-99.0,19.2786,seismic,0.189939,0.0
DX37,DGCOH Xotepingo,-99.1439,19.3322,seismic,0.187726,0.0
SI53,San Simón,-99.1483,19.3753,seismic,0.177565,0.0
XO36,"Jardín de Niños ""Xochimilco""",-99.1024,19.2711,seismic,0.173557,0.0
CU80,"Esc. Prim. ""Aurora López Velarde""",-99.1037,19.293638,seismic,0.168301,0.0
IB22,Esc. Sec. Téc. No. 95,-99.1297,19.345,seismic,0.160882,0.0
LI33,Liconsa,-98.9631,19.3064,seismic,0.137931,0.0
AP68,"Jardín de niños ""juan B. de la Salle”",-99.1068,19.3809,seismic,0.133949,0.0
CP28,Cerro del Peñón,-99.0839,19.4385,seismic,0.133438,0.0
GC38,"Jardín de niños ""Luz García Campillo""",-99.1059,19.3161,seismic,0.125624,0.0
UC44,Unidad Colonia IMSS,-99.1654,19.4337,seismic,0.125319,0.0
PE10,"Esc. Prim. ""Plutarco Elías Calles""",-99.1318,19.3809,seismic,0.12456,0.0
CJ04,Multifamiliar Juárez II,-99.1566,19.4098,seismic,0.123928,0.0
LV17,Lindavista,-99.1275,19.4931,seismic,0.123016,0.0
MY19,Meyehualco,-99.0433,19.3461,seismic,0.119877,0.0
AO24,Alberca olímpica,-99.1539,19.358,seismic,0.119652,0.0
GR27,Granjas,-99.1797,19.4747,seismic,0.119634,0.0
VG09,Valle Gómez,-99.1225,19.4539,seismic,0.119545,0.0
AL01,Alameda,-99.1453,19.4356,seismic,0.117115,0.0
AE02,Esc. Prim. González Garzón,-99.0584,19.429,seismic,0.114862,0.0
BL45,Balderas,-99.1481,19.4253,seismic,0.114474,0.0
CI05,Cibeles,-99.1653,19.4186,seismic,0.114243,0.0
CO56,Esc. Sec. Téc. No. 18,-99.159,19.4215,seismic,0.113992,0.0
BA49,Buenos aires,-99.145,19.4097,seismic,0.113161,0.0
CJ03,Centro Urbano Juárez,-99.1567,19.4097,seismic,0.111994,0.0
XP06,"Jardín de niños ""Xochipilli""",-99.1353,19.4198,seismic,0.108189,0.0
JA43,Jamaica,-99.125,19.4053,seismic,0.106286,0.0
SP51,Sector Popular,-99.1189,19.3656,seismic,0.100381,0.0
GA62,Esc. Sec. Téc. No. 2,-99.1401,19.4385,seismic,0.097069,0.0
HJ72,Hospital Juárez,-99.1301,19.4251,seismic,0.096402,0.0
PD42,Palacio de los Deportes,-99.0997,19.4055,seismic,0.096259,0.0
LI58,Esc. Sec. Dna. No. 23,-99.1569,19.4263,seismic,0.095809,0.0
BO39,Bondojito,-99.1047,19.4653,seismic,0.095143,0.0
AU46,Esc. Sec. Téc. No. 14,-99.1681,19.3832,seismic,0.094892,0.0
VM29,Villa del Mar,-99.1253,19.3811,seismic,0.09483,0.0
CO47,Coyoacán,-99.1703,19.3714,seismic,0.093956,0.0
FJ74,Fundación Javier Barros Sierra,-99.21,19.299,seismic,0.092164,0.0
DM12,Deportivo Moctezuma,-99.0963,19.4312,seismic,0.090516,0.0
AU11,Autódromo,-99.0869,19.3919,seismic,0.090454,0.0
CA59,Candelaria,-99.1183,19.4258,seismic,0.089834,0.0
CS78,Esc. Sec. No. Téc. No. 243,-99.2262,19.3656,seismic,0.087005,0.0
PA34,"Esc. Prim. ""Alvaro Obregón""",-99.0491,19.2016,seismic,0.085563,0.0
ES57,Escandón,-99.1775,19.4017,seismic,0.083911,0.0
TL08,"Deportivo ""Antonio Caso T-II""",-99.1336,19.45,seismic,0.082849,0.0
TL55,Tlatelolco,-99.1425,19.4536,seismic,0.082457,0.0
EO30,"Jardín ""Esparza Oteo""",-99.1772,19.3885,seismic,0.082132,0.0
CE32,CETIS no. 57,-99.0537,19.3858,seismic,0.080388,0.0
UI21,U. Iberoamericana,-99.2655,19.3696,seismic,0.079261,0.0
RM48,"Esc. Prim. ""Rodolfo Menendez""",-99.128,19.4359,seismic,0.078013,0.0
DR16,Deportivo Reynosa,-99.1829,19.5005,seismic,0.077174,0.0
CE18,Esc. Prim. “Ramón Espinoza Villanueva”,-99.0847,19.3398,seismic,0.072736,0.0
RI76,República de Italia,-99.0986,19.4501,seismic,0.072657,0.0
ME52,"Esc. Sec. Téc. ""Rafaél Dondé""",-99.182,19.4383,seismic,0.072164,0.0
TP13,Tlalpan,-99.1708,19.2922,seismic,0.06658,0.0
CE23,CETIS Aragón,-99.0642,19.4619,seismic,0.059987,0.0
MT50,Mariscal Tito,-99.19,19.4253,seismic,0.058267,0.0
NZ20,NZ20,-99.0,19.241,seismic,0.14569,0.0
CS66,CS66,-99.554,19.2222,seismic,0.1334,0.0
NZ31,NZ31,-99.129,19.25,seismic,0.11,0.0
SS60,SS60,-99.849,19.2335,seismic,0.10585,0.0
IM40,IM40,-99.1212,19.2034,seismic,0.08886,0.0
UTM:(14Q 0583 2106 1000),,-98.2064,19.0496,macroseismic,0.439338,0.8059
UTM:(14Q 0485 2139 1000),,-99.1381,19.3494,macroseismic,0.435959,0.8059
UTM:(14Q 0474 2098 1000),,-99.2422,18.9788,macroseismic,0.425345,0.8059
UTM:(14Q 0505 2131 1000),,-98.9477,19.2772,macroseismic,0.355518,0.8059
UTM:(14Q 0489 2133 1000),,-99.0999,19.2952,macroseismic,0.345579,0.8059
UTM:(14Q 0483 2132 1000),,-99.157,19.2862,macroseismic,0.342818,0.8059
UTM:(14Q 0474 2136 1000),,-99.2427,19.3222,macroseismic,0.335738,0.8059
UTM:(14Q 0496 2134 1000),,-99.0333,19.3043,macroseismic,0.327664,0.8059
UTM:(14Q 0485 2132 1000),,-99.138,19.2862,macroseismic,0.323192,0.8059
UTM:(14Q 0483 2139 1000),,-99.1571,19.3494,macroseismic,0.299211,0.8059
UTM:(14Q 0482 2146 1000),,-99.1667,19.4127,macroseismic,0.295317,0.8059
UTM:(14Q 0482 2147 1000),,-99.1667,19.4217,macroseismic,0.294831,0.8059
UTM:(14Q 0483 2149 1000),,-99.1572,19.4398,macroseismic,0.294249,0.8059
UTM:(14Q 0482 2149 1000),,-99.1667,19.4398,macroseismic,0.293855,0.8059
UTM:(14Q 0579 2104 1000),,-98.2445,19.0316,macroseismic,0.286913,0.8059
UTM:(14Q 0480 2134 1000),,-99.1856,19.3042,macroseismic,0.282132,0.8059
UTM:(14Q 0480 2139 1000),,-99.1857,19.3494,macroseismic,0.279876,0.8059
UTM:(14Q 0479 2140 1000),,-99.1952,19.3584,macroseismic,0.279005,0.8059
UTM:(14Q 0483 2146 1000),,-99.1572,19.4127,macroseismic,0.277885,0.8059
UTM:(14Q 0482 2148 1000),,-99.1667,19.4308,macroseismic,0.276581,0.8059
UTM:(14Q 0482 2140 1000),,-99.1666,19.3585,macroseismic,0.263357,0.8059
UTM:(14Q 0483 2142 1000),,-99.1571,19.3765,macroseismic,0.262877,0.8059
UTM:(14Q 0474 2096 1000),,-99.2422,18.9607,macroseismic,0.259051,0.8059
UTM:(14Q 0470 2140 1000),,-99.2809,19.3583,macroseismic,0.258586,0.8059
UTM:(14Q 0489 2099 1000),,-99.0998,18.988,macroseismic,0.25132,0.8059
UTM:(14Q 0484 2140 1000),,-99.1476,19.3585,macroseismic,0.248207,0.8059
UTM:(14Q 0478 2139 1000),,-99.2047,19.3494,macroseismic,0.246367,0.8059
UTM:(14Q 0485 2147 1000),,-99.1381,19.4217,macroseismic,0.245629,0.8059
UTM:(14Q 0480 2145 1000),,-99.1857,19.4036,macroseismic,0.244738,0.8059
UTM:(14Q 0581 2102 1000),,-98.2256,19.0135,macroseismic,0.238927,0.8059
UTM:(14Q 0484 2139 1000),,-99.1476,19.3494,macroseismic,0.233627,0.8059
HLIG,HLIG,-97.803575,17.829966,seismic,0.232396,0.0
UTM:(14Q 0491 2148 1000),,-99.081,19.4308,macroseismic,0.232242,0.8059
UTM:(14Q 0481 2145 1000),,-99.1762,19.4036,macroseismic,0.230298,0.8059
UTM:(14Q 0484 2148 1000),,-99.1476,19.4308,macroseismic,0.230103,0.8059
UTM:(14Q 0472 2140 1000),,-99.2618,19.3583,macroseismic,0.229031,0.8059
UTM:(14Q 0485 2138 1000),,-99.138,19.3404,macroseismic,0.220237,0.8059
UTM:(14Q 0582 2109 1000),,-98.2158,19.0767,macroseismic,0.219928,0.8059
UTM:(14Q 0483 2140 1000),,-99.1571,19.3585,macroseismic,0.218833,0.8059
UTM:(14Q 0484 2141 1000),,-99.1476,19.3675,macroseismic,0.218792,0.8059
UTM:(14Q 0484 2143 1000),,-99.1476,19.3856,macroseismic,0.218054,0.8059
UTM:(14Q 0480 2140 1000),,-99.1857,19.3584,macroseismic,0.217851,0.8059
UTM:(14Q 0476 2091 1000),,-99.2232,18.9156,macroseismic,0.216956,0.8059
UTM:(14Q 0475 2090 1000),,-99.2326,18.9065,macroseismic,0.21662,0.8059
UTM:(14Q 0480 2149 1000),,-99.1858,19.4398,macroseismic,0.214694,0.8059
UTM:(14Q 0471 2141 1000),,-99.2714,19.3674,macroseismic,0.214563,0.8059
UTM:(14Q 0584 2106 1000),,-98.1969,19.0495,macroseismic,0.207999,0.8059
UTM:(14Q 0480 2136 1000),,-99.1856,19.3223,macroseismic,0.206029,0.8059
UTM:(14Q 0479 2138 1000),,-99.1952,19.3404,macroseismic,0.205047,0.8059
UTM:(14Q 0481 2141 1000),,-99.1762,19.3675,macroseismic,0.204679,0.8059
UTM:(14Q 0481 2142 1000),,-99.1762,19.3765,macroseismic,0.204346,0.8059
UTM:(14Q 0482 2145 1000),,-99.1667,19.4036,macroseismic,0.203634,0.8059
UTM:(14Q 0485 2148 1000),,-99.1381,19.4308,macroseismic,0.203447,0.8059
UTM:(14Q 0473 2138 1000),,-99.2523,19.3403,macroseismic,0.203139,0.8059
UTM:(14Q 0483 2151 1000),,-99.1572,19.4579,macroseismic,0.201883,0.8059
UTM:(14Q 0481 2150 1000),,-99.1762,19.4488,macroseismic,0.201687,0.8059
UTM:(14Q 0481 2138 1000),,-99.1761,19.3404,macroseismic,0.193275,0.8059
UTM:(14Q 0483 2148 1000),,-99.1572,19.4308,macroseismic,0.190655,0.8059
UTM:(14Q 0473 2142 1000),,-99.2523,19.3764,macroseismic,0.189749,0.8059
UTM:(14Q 0477 2149 1000),,-99.2143,19.4397,macroseismic,0.188797,0.8059
UTM:(14Q 0583 2101 1000),,-98.2066,19.0044,macroseismic,0.186437,0.8059
UTM:(14Q 0481 2136 1000),,-99.1761,19.3223,macroseismic,0.182205,0.8059
UTM:(14Q 0482 2139 1000),,-99.1666,19.3494,macroseismic,0.181595,0.8059
UTM:(14Q 0482 2142 1000),,-99.1666,19.3765,macroseismic,0.180699,0.8059
UTM:(14Q 0483 2143 1000),,-99.1571,19.3856,macroseismic,0.180659,0.8059
UTM:(14Q 0483 2144 1000),,-99.1571,19.3946,macroseismic,0.180359,0.8059
UTM:(14Q 0482 2144 1000),,-99.1667,19.3946,macroseismic,0.180099,0.8059
UTM:(14Q 0480 2143 1000),,-99.1857,19.3856,macroseismic,0.179874,0.8059
UTM:(14Q 0475 2091 1000),,-99.2327,18.9156,macroseismic,0.179571,0.8059
UTM:(14Q 0483 2150 1000),,-99.1572,19.4488,macroseismic,0.178557,0.8059
UTM:(14Q 0443 2028 1000),,-99.5348,18.3455,macroseismic,0.17731,0.8059
UTM:(14Q 0486 2142 1000),,-99.1286,19.3766,macroseismic,0.170781,0.8059
UTM:(14Q 0478 2138 1000),,-99.2047,19.3403,macroseismic,0.169867,0.8059
UTM:(14Q 0484 2145 1000),,-99.1476,19.4037,macroseismic,0.169429,0.8059
UTM:(14Q 0481 2143 1000),,-99.1762,19.3856,macroseismic,0.169267,0.8059
UTM:(14Q 0481 2144 1000),,-99.1762,19.3946,macroseismic,0.168991,0.8059
UTM:(14Q 0480 2144 1000),,-99.1857,19.3946,macroseismic,0.168749,0.8059
UTM:(14Q 0483 2147 1000),,-99.1572,19.4217,macroseismic,0.168627,0.8059
UTM:(14Q 0471 2140 1000),,-99.2714,19.3583,macroseismic,0.167527,0.8059
UTM:(14Q 0575 2106 1000),,-98.2825,19.0499,macroseismic,0.163587,0.8059
UTM:(14Q 0584 2105 1000),,-98.197,19.0405,macroseismic,0.162619,0.8059
UTM:(14Q 0484 2133 1000),,-99.1475,19.2952,macroseismic,0.162455,0.8059
UTM:(14Q 0483 2137 1000),,-99.1571,19.3314,macroseismic,0.161118,0.8059
UTM:(14Q 0485 2140 1000),,-99.1381,19.3585,macroseismic,0.160794,0.8059
UTM:(14Q 0480 2148 1000),,-99.1857,19.4307,macroseismic,0.157543,0.8059
UTM:(14Q 0481 2149 1000),,-99.1762,19.4398,macroseismic,0.157499,0.8059
UTM:(14Q 0472 2141 1000),,-99.2619,19.3674,macroseismic,0.157427,0.8059
UTM:(14Q 0478 2148 1000),,-99.2048,19.4307,macroseismic,0.157108,0.8059
UTM:(14Q 0470 2148 1000),,-99.281,19.4306,macroseismic,0.155356,0.8059
UTM:(14Q 0489 2135 1000),,-99.0999,19.3133,macroseismic,0.153341,0.8059
UTM:(14Q 0581 2106 1000),,-98.2254,19.0496,macroseismic,0.152824,0.8059
UTM:(14Q 0482 2133 1000),,-99.1666,19.2952,macroseismic,0.152156,0.8059
UTM:(14Q 0436 2128 1000),,-99.6042,19.2491,macroseismic,0.150904,0.8059
UTM:(14Q 0492 2149 1000),,-99.0714,19.4399,macroseismic,0.150148,0.8059
UTM:(14Q 0480 2142 1000),,-99.1857,19.3765,macroseismic,0.149484,0.8059
UTM:(14Q 0484 2146 1000),,-99.1476,19.4127,macroseismic,0.149349,0.8059
UTM:(14Q 0486 2148 1000),,-99.1286,19.4308,macroseismic,0.149244,0.8059
UTM:(14Q 0481 2146 1000),,-99.1762,19.4127,macroseismic,0.148725,0.8059
UTM:(14Q 0481 2147 1000),,-99.1762,19.4217,macroseismic,0.148483,0.8059
UTM:(14Q 0582 2108 1000),,-98.2158,19.0677,macroseismic,0.142659,0.8059
UTM:(14Q 0483 2138 1000),,-99.1571,19.3404,macroseismic,0.142027,0.8059
UTM:(14Q 0481 2137 1000),,-99.1761,19.3313,macroseismic,0.141824,0.8059
UTM:(14Q 0489 2148 1000),,-99.1,19.4308,macroseismic,0.140798,0.8059
UTM:(14Q 0480 2141 1000),,-99.1857,19.3675,macroseismic,0.140691,0.8059
UTM:(14Q 0485 2152 1000),,-99.1382,19.4669,macroseismic,0.139101,0.8059
UTM:(14Q 0472 2142 1000),,-99.2619,19.3764,macroseismic,0.138799,0.8059
UTM:(14Q 0478 2149 1000),,-99.2048,19.4398,macroseismic,0.138499,0.8059
UTM:(14Q 0481 2156 1000),,-99.1763,19.503,macroseismic,0.137483,0.8059
UTM:(14Q 0578 2103 1000),,-98.2541,19.0226,macroseismic,0.136482,0.8059
UTM:(14Q 0475 2156 1000),,-99.2335,19.503,macroseismic,0.136444,0.8059
UTM:(14Q 0483 2134 1000),,-99.1571,19.3042,macroseismic,0.134347,0.8059
UTM:(14Q 0488 2142 1000),,-99.1095,19.3766,macroseismic,0.13353,0.8059
UTM:(14Q 0482 2137 1000),,-99.1666,19.3313,macroseismic,0.133475,0.8059
UTM:(14Q 0475 2132 1000),,-99.2332,19.2861,macroseismic,0.133012,0.8059
UTM:(14Q 0478 2145 1000),,-99.2048,19.4036,macroseismic,0.130974,0.8059
UTM:(14Q 0481 2148 1000),,-99.1762,19.4307,macroseismic,0.130892,0.8059
UTM:(14Q 0478 2160 1000),,-99.2049,19.5392,macroseismic,0.127888,0.8059
UTM:(14Q 0584 2103 1000),,-98.1971,19.0224,macroseismic,0.1275,0.8059
UTM:(14Q 0480 2137 1000),,-99.1856,19.3313,macroseismic,0.125031,0.8059
UTM:(14Q 0481 2140 1000),,-99.1761,19.3585,macroseismic,0.124615,0.8059
UTM:(14Q 0439 2138 1000),,-99.576,19.3395,macroseismic,0.124597,0.8059
UTM:(14Q 0477 2137 1000),,-99.2142,19.3313,macroseismic,0.124443,0.8059
UTM:(14Q 0482 2150 1000),,-99.1667,19.4488,macroseismic,0.122755,0.8059
UTM:(14Q 0484 2152 1000),,-99.1477,19.4669,macroseismic,0.122665,0.8059
UTM:(14Q 0473 2143 1000),,-99.2524,19.3855,macroseismic,0.122554,0.8059
UTM:(14Q 0476 2159 1000),,-99.224,19.5301,macroseismic,0.120068,0.8059
UTM:(14Q 0480 2138 1000),,-99.1856,19.3404,macroseismic,0.117298,0.8059
UTM:(14Q 0479 2149 1000),,-99.1953,19.4398,macroseismic,0.115069,0.8059
PPIG,PPIG,-98.628147,19.06705,seismic,0.114801,0.0
TLIG,TLIG,-98.56647,17.562675,seismic,0.112844,0.0
UTM:(14Q 0472 2157 1000),,-99.2621,19.512,macroseismic,0.112602,0.8059
UTM:(14Q 0476 2134 1000),,-99.2237,19.3042,macroseismic,0.110209,0.8059
UTM:(14Q 0479 2146 1000),,-99.1953,19.4127,macroseismic,0.108648,0.8059
UTM:(14Q 0479 2148 1000),,-99.1953,19.4307,macroseismic,0.108302,0.8059
UTM:(14Q 0475 2098 1000),,-99.2327,18.9788,macroseismic,0.101887,0.8059
UTM:(14Q 0475 2159 1000),,-99.2335,19.5301,macroseismic,0.099497,0.8059
UTM:(14Q 0470 2141 1000),,-99.2809,19.3674,macroseismic,0.095399,0.8059
UTM:(14Q 0472 2154 1000),,-99.262,19.4849,macroseismic,0.093848,0.8059
UTM:(14Q 0477 2172 1000),,-99.2146,19.6476,macroseismic,0.086303,0.8059
UTM:(14Q 0479 2150 1000),,-99.1953,19.4488,macroseismic,0.084165,0.8059
UTM:(14Q 0476 2166 1000),,-99.2241,19.5934,macroseismic,0.08176,0.8059
UTM:(14Q 0431 2132 1000),,-99.6519,19.2851,macroseismic,0.08006,0.8059
UTM:(14Q 0469 2140 1000),,-99.2904,19.3583,macroseismic,0.079145,0.8059
UTM:(14Q 0476 2153 1000),,-99.2239,19.4759,macroseismic,0.078397,0.8059
UTM:(14Q 0477 2161 1000),,-99.2145,19.5482,macroseismic,0.077518,0.8059
MEIG,MEIG,-99.619725,17.924894,seismic,0.076035,0.0
UTM:(14Q 0478 2147 1000),,-99.2048,19.4217,macroseismic,0.074569,0.8059
TPIG,TPIG,-97.361969,18.42023,seismic,0.072722,0.0
UTM:(15Q 0196 2003 1000),,-95.8675,18.099,macroseismic,0.072099,0.8059
UTM:(14Q 0474 2170 1000),,-99.2432,19.6295,macroseismic,0.067273,0.8059
UTM:(14Q 0804 2115 1000),,-96.1059,19.1098,macroseismic,0.065379,0.8059
UTM:(14Q 0583 2105 1000),,-98.2065,19.0405,macroseismic,0.064002,0.8059
UTM:(14Q 0742 1887 1000),,-96.7216,17.059,macroseismic,0.057795,0.8059
UTM:(14Q 0477 2138 1000),,-99.2142,19.3403,macroseismic,0.055328,0.8059
UTM:(14Q 0480 2135 1000),,-99.1856,19.3133,macroseismic,0.052484,0.8059
UTM:(14Q 0742 1888 1000),,-96.7215,17.0681,macroseismic,0.047989,0.8059
UTM:(14Q 0480 2147 1000),,-99.1857,19.4217,macroseismic,0.045453,0.8059
UTM:(14Q 0477 2148 1000),,-99.2143,19.4307,macroseismic,0.03166,0.8059
UTM:(14Q 0269 2180 1000),,-101.199,19.7065,macroseismic,0.031541,0.8059
UTM:(14Q 0486 2157 1000),,-99.1287,19.5121,macroseismic,0.031422,0.8059
UTM:(15Q 0297 1985 1000),,-94.912,17.9482,macroseismic,0.01741,0.8059
CAIG,CAIG,-100.267265,17.0485,seismic,0.008226,0.0
ZIIG,ZIIG,-101.464922,17.60695,seismic,0.004271,0.0
CMIG,CMIG,-94.8838,17.090988,seismic,0.003048,0.0
DHIG,DHIG,-99.035492,20.300361,seismic,0.002783,0.0
MMIG,MMIG,-103.34554,18.28854,seismic,0.002181,0.0
TUIG,TUIG,-94.422503,18.033694,seismic,0.00211,0.0
